file,line,type,commit,author,date,time,timezone,datetime,depth,length
style.css,1,css,b945e0d6,milanrona,2025-04-18,15:19:32,-07:00,2025-04-18T15:19:32-07:00,0,5
style.css,2,css,b945e0d6,milanrona,2025-04-18,15:19:32,-07:00,2025-04-18T15:19:32-07:00,0,24
style.css,3,css,b945e0d6,milanrona,2025-04-18,15:19:32,-07:00,2025-04-18T15:19:32-07:00,0,24
style.css,4,css,b945e0d6,milanrona,2025-04-18,15:19:32,-07:00,2025-04-18T15:19:32-07:00,0,17
style.css,5,css,b945e0d6,milanrona,2025-04-18,15:19:32,-07:00,2025-04-18T15:19:32-07:00,0,0
style.css,6,css,b945e0d6,milanrona,2025-04-18,15:19:32,-07:00,2025-04-18T15:19:32-07:00,0,0
style.css,7,css,047ee3bd,milanrona,2025-04-03,14:50:56,-07:00,2025-04-03T14:50:56-07:00,0,5
style.css,8,css,047ee3bd,milanrona,2025-04-03,14:50:56,-07:00,2025-04-03T14:50:56-07:00,0,24
style.css,9,css,626e77c9,milanrona,2025-04-11,14:12:32,-07:00,2025-04-11T14:12:32-07:00,0,16
style.css,10,css,626e77c9,milanrona,2025-04-11,14:12:32,-07:00,2025-04-11T14:12:32-07:00,0,19
style.css,11,css,626e77c9,milanrona,2025-04-11,14:12:32,-07:00,2025-04-11T14:12:32-07:00,0,13
style.css,12,css,626e77c9,milanrona,2025-04-11,14:12:32,-07:00,2025-04-11T14:12:32-07:00,0,0
style.css,13,css,626e77c9,milanrona,2025-04-11,14:12:32,-07:00,2025-04-11T14:12:32-07:00,0,7
style.css,14,css,626e77c9,milanrona,2025-04-11,14:12:32,-07:00,2025-04-11T14:12:32-07:00,0,17
style.css,15,css,626e77c9,milanrona,2025-04-11,14:12:32,-07:00,2025-04-11T14:12:32-07:00,0,0
style.css,16,css,626e77c9,milanrona,2025-04-11,14:12:32,-07:00,2025-04-11T14:12:32-07:00,0,0
style.css,17,css,626e77c9,milanrona,2025-04-11,14:12:32,-07:00,2025-04-11T14:12:32-07:00,0,4
style.css,18,css,b945e0d6,milanrona,2025-04-18,15:19:32,-07:00,2025-04-18T15:19:32-07:00,0,40
style.css,19,css,626e77c9,milanrona,2025-04-11,14:12:32,-07:00,2025-04-11T14:12:32-07:00,0,13
style.css,20,css,626e77c9,milanrona,2025-04-11,14:12:32,-07:00,2025-04-11T14:12:32-07:00,0,24
style.css,21,css,626e77c9,milanrona,2025-04-11,14:12:32,-07:00,2025-04-11T14:12:32-07:00,0,26
style.css,22,css,626e77c9,milanrona,2025-04-11,14:12:32,-07:00,2025-04-11T14:12:32-07:00,0,38
style.css,23,css,626e77c9,milanrona,2025-04-11,14:12:32,-07:00,2025-04-11T14:12:32-07:00,0,19
style.css,24,css,626e77c9,milanrona,2025-04-11,14:12:32,-07:00,2025-04-11T14:12:32-07:00,0,0
style.css,25,css,626e77c9,milanrona,2025-04-11,14:12:32,-07:00,2025-04-11T14:12:32-07:00,0,0
style.css,26,css,626e77c9,milanrona,2025-04-11,14:12:32,-07:00,2025-04-11T14:12:32-07:00,0,6
style.css,27,css,626e77c9,milanrona,2025-04-11,14:12:32,-07:00,2025-04-11T14:12:32-07:00,0,21
style.css,28,css,626e77c9,milanrona,2025-04-11,14:12:32,-07:00,2025-04-11T14:12:32-07:00,0,14
style.css,29,css,626e77c9,milanrona,2025-04-11,14:12:32,-07:00,2025-04-11T14:12:32-07:00,0,15
style.css,30,css,626e77c9,milanrona,2025-04-11,14:12:32,-07:00,2025-04-11T14:12:32-07:00,0,18
style.css,31,css,626e77c9,milanrona,2025-04-11,14:12:32,-07:00,2025-04-11T14:12:32-07:00,0,7
style.css,32,css,626e77c9,milanrona,2025-04-11,14:12:32,-07:00,2025-04-11T14:12:32-07:00,0,27
style.css,33,css,626e77c9,milanrona,2025-04-11,14:12:32,-07:00,2025-04-11T14:12:32-07:00,0,0
style.css,34,css,626e77c9,milanrona,2025-04-11,14:12:32,-07:00,2025-04-11T14:12:32-07:00,0,14
style.css,35,css,626e77c9,milanrona,2025-04-11,14:12:32,-07:00,2025-04-11T14:12:32-07:00,0,44
style.css,36,css,626e77c9,milanrona,2025-04-11,14:12:32,-07:00,2025-04-11T14:12:32-07:00,0,21
style.css,37,css,626e77c9,milanrona,2025-04-11,14:12:32,-07:00,2025-04-11T14:12:32-07:00,0,0
style.css,38,css,626e77c9,milanrona,2025-04-11,14:12:32,-07:00,2025-04-11T14:12:32-07:00,0,0
style.css,39,css,626e77c9,milanrona,2025-04-11,14:12:32,-07:00,2025-04-11T14:12:32-07:00,0,12
style.css,40,css,626e77c9,milanrona,2025-04-11,14:12:32,-07:00,2025-04-11T14:12:32-07:00,0,46
style.css,41,css,b945e0d6,milanrona,2025-04-18,15:19:32,-07:00,2025-04-18T15:19:32-07:00,0,70
style.css,42,css,626e77c9,milanrona,2025-04-11,14:12:32,-07:00,2025-04-11T14:12:32-07:00,0,0
style.css,43,css,626e77c9,milanrona,2025-04-11,14:12:32,-07:00,2025-04-11T14:12:32-07:00,0,5
style.css,44,css,626e77c9,milanrona,2025-04-11,14:12:32,-07:00,2025-04-11T14:12:32-07:00,0,13
style.css,45,css,626e77c9,milanrona,2025-04-11,14:12:32,-07:00,2025-04-11T14:12:32-07:00,0,54
style.css,46,css,626e77c9,milanrona,2025-04-11,14:12:32,-07:00,2025-04-11T14:12:32-07:00,0,8
style.css,47,css,626e77c9,milanrona,2025-04-11,14:12:32,-07:00,2025-04-11T14:12:32-07:00,0,16
style.css,48,css,626e77c9,milanrona,2025-04-11,14:12:32,-07:00,2025-04-11T14:12:32-07:00,0,19
style.css,49,css,626e77c9,milanrona,2025-04-11,14:12:32,-07:00,2025-04-11T14:12:32-07:00,0,0
style.css,50,css,626e77c9,milanrona,2025-04-11,14:12:32,-07:00,2025-04-11T14:12:32-07:00,0,0
style.css,51,css,626e77c9,milanrona,2025-04-11,14:12:32,-07:00,2025-04-11T14:12:32-07:00,0,49
style.css,52,css,626e77c9,milanrona,2025-04-11,14:12:32,-07:00,2025-04-11T14:12:32-07:00,0,10
style.css,53,css,626e77c9,milanrona,2025-04-11,14:12:32,-07:00,2025-04-11T14:12:32-07:00,0,13
style.css,54,css,626e77c9,milanrona,2025-04-11,14:12:32,-07:00,2025-04-11T14:12:32-07:00,0,31
style.css,55,css,626e77c9,milanrona,2025-04-11,14:12:32,-07:00,2025-04-11T14:12:32-07:00,0,19
style.css,56,css,626e77c9,milanrona,2025-04-11,14:12:32,-07:00,2025-04-11T14:12:32-07:00,0,8
style.css,57,css,626e77c9,milanrona,2025-04-11,14:12:32,-07:00,2025-04-11T14:12:32-07:00,0,0
style.css,58,css,626e77c9,milanrona,2025-04-11,14:12:32,-07:00,2025-04-11T14:12:32-07:00,0,0
style.css,59,css,626e77c9,milanrona,2025-04-11,14:12:32,-07:00,2025-04-11T14:12:32-07:00,0,37
style.css,60,css,626e77c9,milanrona,2025-04-11,14:12:32,-07:00,2025-04-11T14:12:32-07:00,0,5
style.css,61,css,626e77c9,milanrona,2025-04-11,14:12:32,-07:00,2025-04-11T14:12:32-07:00,0,9
style.css,62,css,626e77c9,milanrona,2025-04-11,14:12:32,-07:00,2025-04-11T14:12:32-07:00,0,11
style.css,63,css,626e77c9,milanrona,2025-04-11,14:12:32,-07:00,2025-04-11T14:12:32-07:00,0,13
style.css,64,css,626e77c9,milanrona,2025-04-11,14:12:32,-07:00,2025-04-11T14:12:32-07:00,0,22
style.css,65,css,626e77c9,milanrona,2025-04-11,14:12:32,-07:00,2025-04-11T14:12:32-07:00,0,0
style.css,66,css,626e77c9,milanrona,2025-04-11,14:12:32,-07:00,2025-04-11T14:12:32-07:00,0,0
style.css,67,css,626e77c9,milanrona,2025-04-11,14:12:32,-07:00,2025-04-11T14:12:32-07:00,0,45
style.css,68,css,626e77c9,milanrona,2025-04-11,14:12:32,-07:00,2025-04-11T14:12:32-07:00,0,7
style.css,69,css,626e77c9,milanrona,2025-04-11,14:12:32,-07:00,2025-04-11T14:12:32-07:00,0,19
style.css,70,css,626e77c9,milanrona,2025-04-11,14:12:32,-07:00,2025-04-11T14:12:32-07:00,0,19
style.css,71,css,626e77c9,milanrona,2025-04-11,14:12:32,-07:00,2025-04-11T14:12:32-07:00,0,13
style.css,72,css,626e77c9,milanrona,2025-04-11,14:12:32,-07:00,2025-04-11T14:12:32-07:00,0,0
style.css,73,css,626e77c9,milanrona,2025-04-11,14:12:32,-07:00,2025-04-11T14:12:32-07:00,0,0
style.css,74,css,626e77c9,milanrona,2025-04-11,14:12:32,-07:00,2025-04-11T14:12:32-07:00,0,10
style.css,75,css,626e77c9,milanrona,2025-04-11,14:12:32,-07:00,2025-04-11T14:12:32-07:00,0,13
style.css,76,css,626e77c9,milanrona,2025-04-11,14:12:32,-07:00,2025-04-11T14:12:32-07:00,0,82
style.css,77,css,626e77c9,milanrona,2025-04-11,14:12:32,-07:00,2025-04-11T14:12:32-07:00,0,82
style.css,78,css,626e77c9,milanrona,2025-04-11,14:12:32,-07:00,2025-04-11T14:12:32-07:00,0,41
style.css,79,css,626e77c9,milanrona,2025-04-11,14:12:32,-07:00,2025-04-11T14:12:32-07:00,0,44
style.css,80,css,626e77c9,milanrona,2025-04-11,14:12:32,-07:00,2025-04-11T14:12:32-07:00,0,0
style.css,81,css,626e77c9,milanrona,2025-04-11,14:12:32,-07:00,2025-04-11T14:12:32-07:00,0,8
style.css,82,css,626e77c9,milanrona,2025-04-11,14:12:32,-07:00,2025-04-11T14:12:32-07:00,0,44
style.css,83,css,626e77c9,milanrona,2025-04-11,14:12:32,-07:00,2025-04-11T14:12:32-07:00,0,74
style.css,84,css,626e77c9,milanrona,2025-04-11,14:12:32,-07:00,2025-04-11T14:12:32-07:00,0,52
style.css,85,css,21691212,milanrona,2025-04-11,14:52:02,-07:00,2025-04-11T14:52:02-07:00,0,0
style.css,86,css,21691212,milanrona,2025-04-11,14:52:02,-07:00,2025-04-11T14:52:02-07:00,0,0
style.css,87,css,21691212,milanrona,2025-04-11,14:52:02,-07:00,2025-04-11T14:52:02-07:00,0,15
style.css,88,css,21691212,milanrona,2025-04-11,14:52:02,-07:00,2025-04-11T14:52:02-07:00,0,11
style.css,89,css,21691212,milanrona,2025-04-11,14:52:02,-07:00,2025-04-11T14:52:02-07:00,0,0
style.css,90,css,21691212,milanrona,2025-04-11,14:52:02,-07:00,2025-04-11T14:52:02-07:00,0,13
style.css,91,css,21691212,milanrona,2025-04-11,14:52:02,-07:00,2025-04-11T14:52:02-07:00,0,33
style.css,92,css,21691212,milanrona,2025-04-11,14:52:02,-07:00,2025-04-11T14:52:02-07:00,0,30
style.css,93,css,21691212,milanrona,2025-04-11,14:52:02,-07:00,2025-04-11T14:52:02-07:00,0,12
style.css,94,css,21691212,milanrona,2025-04-11,14:52:02,-07:00,2025-04-11T14:52:02-07:00,0,13
style.css,95,css,21691212,milanrona,2025-04-11,14:52:02,-07:00,2025-04-11T14:52:02-07:00,0,16
style.css,96,css,21691212,milanrona,2025-04-11,14:52:02,-07:00,2025-04-11T14:52:02-07:00,0,16
style.css,97,css,21691212,milanrona,2025-04-11,14:52:02,-07:00,2025-04-11T14:52:02-07:00,0,12
style.css,98,css,21691212,milanrona,2025-04-11,14:52:02,-07:00,2025-04-11T14:52:02-07:00,0,0
style.css,99,css,21691212,milanrona,2025-04-11,14:52:02,-07:00,2025-04-11T14:52:02-07:00,0,0
style.css,100,css,21691212,milanrona,2025-04-11,14:52:02,-07:00,2025-04-11T14:52:02-07:00,0,9
style.css,101,css,21691212,milanrona,2025-04-11,14:52:02,-07:00,2025-04-11T14:52:02-07:00,0,14
style.css,102,css,21691212,milanrona,2025-04-11,14:52:02,-07:00,2025-04-11T14:52:02-07:00,0,21
style.css,103,css,21691212,milanrona,2025-04-11,14:52:02,-07:00,2025-04-11T14:52:02-07:00,0,0
style.css,104,css,21691212,milanrona,2025-04-11,14:52:02,-07:00,2025-04-11T14:52:02-07:00,0,11
style.css,105,css,21691212,milanrona,2025-04-11,14:52:02,-07:00,2025-04-11T14:52:02-07:00,0,9
style.css,106,css,21691212,milanrona,2025-04-11,14:52:02,-07:00,2025-04-11T14:52:02-07:00,0,11
style.css,107,css,21691212,milanrona,2025-04-11,14:52:02,-07:00,2025-04-11T14:52:02-07:00,0,16
style.css,108,css,b945e0d6,milanrona,2025-04-18,15:19:32,-07:00,2025-04-18T15:19:32-07:00,0,0
style.css,109,css,b945e0d6,milanrona,2025-04-18,15:19:32,-07:00,2025-04-18T15:19:32-07:00,0,0
style.css,110,css,b945e0d6,milanrona,2025-04-18,15:19:32,-07:00,2025-04-18T15:19:32-07:00,0,19
style.css,111,css,b945e0d6,milanrona,2025-04-18,15:19:32,-07:00,2025-04-18T15:19:32-07:00,0,18
style.css,112,css,b945e0d6,milanrona,2025-04-18,15:19:32,-07:00,2025-04-18T15:19:32-07:00,0,9
style.css,113,css,b945e0d6,milanrona,2025-04-18,15:19:32,-07:00,2025-04-18T15:19:32-07:00,0,11
style.css,114,css,b945e0d6,milanrona,2025-04-18,15:19:32,-07:00,2025-04-18T15:19:32-07:00,0,17
style.css,115,css,b945e0d6,milanrona,2025-04-18,15:19:32,-07:00,2025-04-18T15:19:32-07:00,0,20
style.css,116,css,b945e0d6,milanrona,2025-04-18,15:19:32,-07:00,2025-04-18T15:19:32-07:00,0,36
style.css,117,css,b945e0d6,milanrona,2025-04-18,15:19:32,-07:00,2025-04-18T15:19:32-07:00,0,15
style.css,118,css,b945e0d6,milanrona,2025-04-18,15:19:32,-07:00,2025-04-18T15:19:32-07:00,0,21
style.css,119,css,b945e0d6,milanrona,2025-04-18,15:19:32,-07:00,2025-04-18T15:19:32-07:00,0,42
style.css,120,css,b945e0d6,milanrona,2025-04-18,15:19:32,-07:00,2025-04-18T15:19:32-07:00,0,0
style.css,121,css,d7b057f6,milanrona,2025-04-25,23:10:19,-07:00,2025-04-25T23:10:19-07:00,0,0
style.css,122,css,d7b057f6,milanrona,2025-04-25,23:10:19,-07:00,2025-04-25T23:10:19-07:00,0,14
style.css,123,css,d7b057f6,milanrona,2025-04-25,23:10:19,-07:00,2025-04-25T23:10:19-07:00,0,13
style.css,124,css,d7b057f6,milanrona,2025-04-25,23:10:19,-07:00,2025-04-25T23:10:19-07:00,0,9
style.css,125,css,d7b057f6,milanrona,2025-04-25,23:10:19,-07:00,2025-04-25T23:10:19-07:00,0,15
style.css,126,css,d7b057f6,milanrona,2025-04-25,23:10:19,-07:00,2025-04-25T23:10:19-07:00,0,23
style.css,127,css,d7b057f6,milanrona,2025-04-25,23:10:19,-07:00,2025-04-25T23:10:19-07:00,0,0
style.css,128,css,d7b057f6,milanrona,2025-04-25,23:10:19,-07:00,2025-04-25T23:10:19-07:00,0,0
style.css,129,css,d7b057f6,milanrona,2025-04-25,23:10:19,-07:00,2025-04-25T23:10:19-07:00,0,18
style.css,130,css,d7b057f6,milanrona,2025-04-25,23:10:19,-07:00,2025-04-25T23:10:19-07:00,0,20
style.css,131,css,d7b057f6,milanrona,2025-04-25,23:10:19,-07:00,2025-04-25T23:10:19-07:00,0,22
style.css,132,css,d7b057f6,milanrona,2025-04-25,23:10:19,-07:00,2025-04-25T23:10:19-07:00,0,19
style.css,133,css,d7b057f6,milanrona,2025-04-25,23:10:19,-07:00,2025-04-25T23:10:19-07:00,0,24
style.css,134,css,d7b057f6,milanrona,2025-04-25,23:10:19,-07:00,2025-04-25T23:10:19-07:00,0,22
style.css,135,css,d7b057f6,milanrona,2025-04-25,23:10:19,-07:00,2025-04-25T23:10:19-07:00,0,19
style.css,136,css,d7b057f6,milanrona,2025-04-25,23:10:19,-07:00,2025-04-25T23:10:19-07:00,0,25
style.css,137,css,d7b057f6,milanrona,2025-04-25,23:10:19,-07:00,2025-04-25T23:10:19-07:00,0,41
style.css,138,css,d7b057f6,milanrona,2025-04-25,23:10:19,-07:00,2025-04-25T23:10:19-07:00,0,49
style.css,139,css,d7b057f6,milanrona,2025-04-25,23:10:19,-07:00,2025-04-25T23:10:19-07:00,0,58
style.css,140,css,d7b057f6,milanrona,2025-04-25,23:10:19,-07:00,2025-04-25T23:10:19-07:00,0,0
style.css,141,css,d7b057f6,milanrona,2025-04-25,23:10:19,-07:00,2025-04-25T23:10:19-07:00,0,0
style.css,142,css,d7b057f6,milanrona,2025-04-25,23:10:19,-07:00,2025-04-25T23:10:19-07:00,0,17
style.css,143,css,d7b057f6,milanrona,2025-04-25,23:10:19,-07:00,2025-04-25T23:10:19-07:00,0,18
style.css,144,css,d7b057f6,milanrona,2025-04-25,23:10:19,-07:00,2025-04-25T23:10:19-07:00,0,16
style.css,145,css,d7b057f6,milanrona,2025-04-25,23:10:19,-07:00,2025-04-25T23:10:19-07:00,0,11
style.css,146,css,d7b057f6,milanrona,2025-04-25,23:10:19,-07:00,2025-04-25T23:10:19-07:00,0,22
style.css,147,css,d7b057f6,milanrona,2025-04-25,23:10:19,-07:00,2025-04-25T23:10:19-07:00,0,0
style.css,148,css,d7b057f6,milanrona,2025-04-25,23:10:19,-07:00,2025-04-25T23:10:19-07:00,0,0
style.css,149,css,d7b057f6,milanrona,2025-04-25,23:10:19,-07:00,2025-04-25T23:10:19-07:00,0,17
style.css,150,css,d7b057f6,milanrona,2025-04-25,23:10:19,-07:00,2025-04-25T23:10:19-07:00,0,17
style.css,151,css,d7b057f6,milanrona,2025-04-25,23:10:19,-07:00,2025-04-25T23:10:19-07:00,0,16
style.css,152,css,d7b057f6,milanrona,2025-04-25,23:10:19,-07:00,2025-04-25T23:10:19-07:00,0,11
style.css,153,css,d7b057f6,milanrona,2025-04-25,23:10:19,-07:00,2025-04-25T23:10:19-07:00,0,9
style.css,154,css,d7b057f6,milanrona,2025-04-25,23:10:19,-07:00,2025-04-25T23:10:19-07:00,0,0
style.css,155,css,d7b057f6,milanrona,2025-04-25,23:10:19,-07:00,2025-04-25T23:10:19-07:00,0,0
style.css,156,css,d7b057f6,milanrona,2025-04-25,23:10:19,-07:00,2025-04-25T23:10:19-07:00,0,14
style.css,157,css,d7b057f6,milanrona,2025-04-25,23:10:19,-07:00,2025-04-25T23:10:19-07:00,0,11
style.css,158,css,d7b057f6,milanrona,2025-04-25,23:10:19,-07:00,2025-04-25T23:10:19-07:00,0,59
style.css,159,css,d7b057f6,milanrona,2025-04-25,23:10:19,-07:00,2025-04-25T23:10:19-07:00,0,12
style.css,160,css,d7b057f6,milanrona,2025-04-25,23:10:19,-07:00,2025-04-25T23:10:19-07:00,0,14
style.css,161,css,d7b057f6,milanrona,2025-04-25,23:10:19,-07:00,2025-04-25T23:10:19-07:00,0,38
style.css,162,css,d7b057f6,milanrona,2025-04-25,23:10:19,-07:00,2025-04-25T23:10:19-07:00,0,57
style.css,163,css,d7b057f6,milanrona,2025-04-25,23:10:19,-07:00,2025-04-25T23:10:19-07:00,0,0
style.css,164,css,d7b057f6,milanrona,2025-04-25,23:10:19,-07:00,2025-04-25T23:10:19-07:00,0,0
style.css,165,css,7a5d564e,milanrona,2025-05-02,00:58:34,-07:00,2025-05-02T00:58:34-07:00,0,19
style.css,166,css,7a5d564e,milanrona,2025-05-02,00:58:34,-07:00,2025-05-02T00:58:34-07:00,0,15
style.css,167,css,7a5d564e,milanrona,2025-05-02,00:58:34,-07:00,2025-05-02T00:58:34-07:00,0,17
style.css,168,css,7a5d564e,milanrona,2025-05-02,00:58:34,-07:00,2025-05-02T00:58:34-07:00,0,0
style.css,169,css,7a5d564e,milanrona,2025-05-02,00:58:34,-07:00,2025-05-02T00:58:34-07:00,0,17
style.css,170,css,7a5d564e,milanrona,2025-05-02,00:58:34,-07:00,2025-05-02T00:58:34-07:00,0,0
style.css,171,css,7a5d564e,milanrona,2025-05-02,00:58:34,-07:00,2025-05-02T00:58:34-07:00,0,0
style.css,172,css,7a5d564e,milanrona,2025-05-02,00:58:34,-07:00,2025-05-02T00:58:34-07:00,0,8
style.css,173,css,7a5d564e,milanrona,2025-05-02,00:58:34,-07:00,2025-05-02T00:58:34-07:00,0,13
style.css,174,css,7a5d564e,milanrona,2025-05-02,00:58:34,-07:00,2025-05-02T00:58:34-07:00,0,7
style.css,175,css,7a5d564e,milanrona,2025-05-02,00:58:34,-07:00,2025-05-02T00:58:34-07:00,0,62
style.css,176,css,7a5d564e,milanrona,2025-05-02,00:58:34,-07:00,2025-05-02T00:58:34-07:00,0,16
style.css,177,css,7a5d564e,milanrona,2025-05-02,00:58:34,-07:00,2025-05-02T00:58:34-07:00,0,13
style.css,178,css,7a5d564e,milanrona,2025-05-02,00:58:34,-07:00,2025-05-02T00:58:34-07:00,0,14
style.css,179,css,7a5d564e,milanrona,2025-05-02,00:58:34,-07:00,2025-05-02T00:58:34-07:00,0,9
style.css,180,css,7a5d564e,milanrona,2025-05-02,00:58:34,-07:00,2025-05-02T00:58:34-07:00,0,48
style.css,181,css,7a5d564e,milanrona,2025-05-02,00:58:34,-07:00,2025-05-02T00:58:34-07:00,0,21
style.css,182,css,7a5d564e,milanrona,2025-05-02,00:58:34,-07:00,2025-05-02T00:58:34-07:00,0,19
style.css,183,css,7a5d564e,milanrona,2025-05-02,00:58:34,-07:00,2025-05-02T00:58:34-07:00,0,23
style.css,184,css,7a5d564e,milanrona,2025-05-02,00:58:34,-07:00,2025-05-02T00:58:34-07:00,0,0
style.css,185,css,7a5d564e,milanrona,2025-05-02,00:58:34,-07:00,2025-05-02T00:58:34-07:00,0,0
style.css,186,css,7a5d564e,milanrona,2025-05-02,00:58:34,-07:00,2025-05-02T00:58:34-07:00,0,13
style.css,187,css,7a5d564e,milanrona,2025-05-02,00:58:34,-07:00,2025-05-02T00:58:34-07:00,0,13
style.css,188,css,7a5d564e,milanrona,2025-05-02,00:58:34,-07:00,2025-05-02T00:58:34-07:00,0,19
style.css,189,css,7a5d564e,milanrona,2025-05-02,00:58:34,-07:00,2025-05-02T00:58:34-07:00,0,10
style.css,190,css,7a5d564e,milanrona,2025-05-02,00:58:34,-07:00,2025-05-02T00:58:34-07:00,0,17
style.css,191,css,7a5d564e,milanrona,2025-05-02,00:58:34,-07:00,2025-05-02T00:58:34-07:00,0,0
style.css,192,css,7a5d564e,milanrona,2025-05-02,00:58:34,-07:00,2025-05-02T00:58:34-07:00,0,0
style.css,193,css,7a5d564e,milanrona,2025-05-02,00:58:34,-07:00,2025-05-02T00:58:34-07:00,0,8
style.css,194,css,7a5d564e,milanrona,2025-05-02,00:58:34,-07:00,2025-05-02T00:58:34-07:00,0,10
style.css,195,css,7a5d564e,milanrona,2025-05-02,00:58:34,-07:00,2025-05-02T00:58:34-07:00,0,19
style.css,196,css,7a5d564e,milanrona,2025-05-02,00:58:34,-07:00,2025-05-02T00:58:34-07:00,0,30
style.css,197,css,7a5d564e,milanrona,2025-05-02,00:58:34,-07:00,2025-05-02T00:58:34-07:00,0,21
style.css,198,css,7a5d564e,milanrona,2025-05-02,00:58:34,-07:00,2025-05-02T00:58:34-07:00,0,21
style.css,199,css,7a5d564e,milanrona,2025-05-02,00:58:34,-07:00,2025-05-02T00:58:34-07:00,0,0
style.css,200,css,7a5d564e,milanrona,2025-05-02,00:58:34,-07:00,2025-05-02T00:58:34-07:00,0,11
style.css,201,css,7a5d564e,milanrona,2025-05-02,00:58:34,-07:00,2025-05-02T00:58:34-07:00,0,13
style.css,202,css,7a5d564e,milanrona,2025-05-02,00:58:34,-07:00,2025-05-02T00:58:34-07:00,0,61
style.css,203,css,7a5d564e,milanrona,2025-05-02,00:58:34,-07:00,2025-05-02T00:58:34-07:00,0,64
style.css,204,css,7a5d564e,milanrona,2025-05-02,00:58:34,-07:00,2025-05-02T00:58:34-07:00,0,51
style.css,205,css,7a5d564e,milanrona,2025-05-02,00:58:34,-07:00,2025-05-02T00:58:34-07:00,0,0
style.css,206,css,412dc48f,milanrona,2025-05-02,09:39:51,-07:00,2025-05-02T09:39:51-07:00,0,0
style.css,207,css,412dc48f,milanrona,2025-05-02,09:39:51,-07:00,2025-05-02T09:39:51-07:00,0,20
style.css,208,css,412dc48f,milanrona,2025-05-02,09:39:51,-07:00,2025-05-02T09:39:51-07:00,0,17
style.css,209,css,412dc48f,milanrona,2025-05-02,09:39:51,-07:00,2025-05-02T09:39:51-07:00,0,12
style.css,210,css,412dc48f,milanrona,2025-05-02,09:39:51,-07:00,2025-05-02T09:39:51-07:00,0,0
style.css,211,css,412dc48f,milanrona,2025-05-02,09:39:51,-07:00,2025-05-02T09:39:51-07:00,0,0
style.css,212,css,412dc48f,milanrona,2025-05-02,09:39:51,-07:00,2025-05-02T09:39:51-07:00,0,5
style.css,213,css,412dc48f,milanrona,2025-05-02,09:39:51,-07:00,2025-05-02T09:39:51-07:00,0,15
style.css,214,css,412dc48f,milanrona,2025-05-02,09:39:51,-07:00,2025-05-02T09:39:51-07:00,0,17
style.css,215,css,412dc48f,milanrona,2025-05-02,09:39:51,-07:00,2025-05-02T09:39:51-07:00,0,0
style.css,216,css,412dc48f,milanrona,2025-05-02,09:39:51,-07:00,2025-05-02T09:39:51-07:00,0,0
style.css,217,css,412dc48f,milanrona,2025-05-02,09:39:51,-07:00,2025-05-02T09:39:51-07:00,0,10
style.css,218,css,412dc48f,milanrona,2025-05-02,09:39:51,-07:00,2025-05-02T09:39:51-07:00,0,36
style.css,219,css,412dc48f,milanrona,2025-05-02,09:39:51,-07:00,2025-05-02T09:39:51-07:00,0,0
style.css,220,css,412dc48f,milanrona,2025-05-02,09:39:51,-07:00,2025-05-02T09:39:51-07:00,0,11
style.css,221,css,412dc48f,milanrona,2025-05-02,09:39:51,-07:00,2025-05-02T09:39:51-07:00,0,18
style.css,222,css,412dc48f,milanrona,2025-05-02,09:39:51,-07:00,2025-05-02T09:39:51-07:00,0,0
style.css,223,css,412dc48f,milanrona,2025-05-02,09:39:51,-07:00,2025-05-02T09:39:51-07:00,0,0
style.css,224,css,77c901ff,milanrona,2025-05-02,10:56:53,-07:00,2025-05-02T10:56:53-07:00,0,1
style.css,225,css,77c901ff,milanrona,2025-05-02,10:56:53,-07:00,2025-05-02T10:56:53-07:00,0,14
style.css,226,css,77c901ff,milanrona,2025-05-02,10:56:53,-07:00,2025-05-02T10:56:53-07:00,0,36
style.css,227,css,77c901ff,milanrona,2025-05-02,10:56:53,-07:00,2025-05-02T10:56:53-07:00,0,29
style.css,228,css,77c901ff,milanrona,2025-05-02,10:56:53,-07:00,2025-05-02T10:56:53-07:00,0,3
index.js,1,js,d7b057f6,milanrona,2025-04-25,23:10:19,-07:00,2025-04-25T23:10:19-07:00,0,72
index.js,2,js,d7b057f6,milanrona,2025-04-25,23:10:19,-07:00,2025-04-25T23:10:19-07:00,0,0
index.js,3,js,d7b057f6,milanrona,2025-04-25,23:10:19,-07:00,2025-04-25T23:10:19-07:00,0,55
index.js,4,js,d7b057f6,milanrona,2025-04-25,23:10:19,-07:00,2025-04-25T23:10:19-07:00,0,43
index.js,5,js,d7b057f6,milanrona,2025-04-25,23:10:19,-07:00,2025-04-25T23:10:19-07:00,0,0
index.js,6,js,d7b057f6,milanrona,2025-04-25,23:10:19,-07:00,2025-04-25T23:10:19-07:00,0,61
index.js,7,js,d7b057f6,milanrona,2025-04-25,23:10:19,-07:00,2025-04-25T23:10:19-07:00,0,0
index.js,8,js,d7b057f6,milanrona,2025-04-25,23:10:19,-07:00,2025-04-25T23:10:19-07:00,0,55
index.js,9,js,d7b057f6,milanrona,2025-04-25,23:10:19,-07:00,2025-04-25T23:10:19-07:00,0,0
index.js,10,js,d7b057f6,milanrona,2025-04-25,23:10:19,-07:00,2025-04-25T23:10:19-07:00,0,51
index.js,11,js,d7b057f6,milanrona,2025-04-25,23:10:19,-07:00,2025-04-25T23:10:19-07:00,0,0
index.js,12,js,d7b057f6,milanrona,2025-04-25,23:10:19,-07:00,2025-04-25T23:10:19-07:00,0,61
index.js,13,js,d7b057f6,milanrona,2025-04-25,23:10:19,-07:00,2025-04-25T23:10:19-07:00,0,0
index.js,14,js,d7b057f6,milanrona,2025-04-25,23:10:19,-07:00,2025-04-25T23:10:19-07:00,0,18
index.js,15,js,d7b057f6,milanrona,2025-04-25,23:10:19,-07:00,2025-04-25T23:10:19-07:00,0,25
index.js,16,js,d7b057f6,milanrona,2025-04-25,23:10:19,-07:00,2025-04-25T23:10:19-07:00,0,21
index.js,17,js,d7b057f6,milanrona,2025-04-25,23:10:19,-07:00,2025-04-25T23:10:19-07:00,0,24
index.js,18,js,d7b057f6,milanrona,2025-04-25,23:10:19,-07:00,2025-04-25T23:10:19-07:00,0,67
index.js,19,js,d7b057f6,milanrona,2025-04-25,23:10:19,-07:00,2025-04-25T23:10:19-07:00,0,67
index.js,20,js,d7b057f6,milanrona,2025-04-25,23:10:19,-07:00,2025-04-25T23:10:19-07:00,0,61
index.js,21,js,d7b057f6,milanrona,2025-04-25,23:10:19,-07:00,2025-04-25T23:10:19-07:00,0,61
index.js,22,js,d7b057f6,milanrona,2025-04-25,23:10:19,-07:00,2025-04-25T23:10:19-07:00,0,4
index.js,23,js,d7b057f6,milanrona,2025-04-25,23:10:19,-07:00,2025-04-25T23:10:19-07:00,0,1
index.js,24,js,d7b057f6,milanrona,2025-04-25,23:10:19,-07:00,2025-04-25T23:10:19-07:00,0,0
index.js,25,js,d7b057f6,milanrona,2025-04-25,23:10:19,-07:00,2025-04-25T23:10:19-07:00,0,0
index.html,1,html,3190829c,milanrona,2025-04-03,13:58:55,-07:00,2025-04-03T13:58:55-07:00,0,14
index.html,2,html,626e77c9,milanrona,2025-04-11,14:12:32,-07:00,2025-04-11T14:12:32-07:00,0,16
index.html,3,html,3190829c,milanrona,2025-04-03,13:58:55,-07:00,2025-04-03T13:58:55-07:00,0,5
index.html,4,html,3190829c,milanrona,2025-04-03,13:58:55,-07:00,2025-04-03T13:58:55-07:00,0,21
index.html,5,html,3190829c,milanrona,2025-04-03,13:58:55,-07:00,2025-04-03T13:58:55-07:00,0,69
index.html,6,html,626e77c9,milanrona,2025-04-11,14:12:32,-07:00,2025-04-11T14:12:32-07:00,0,39
index.html,7,html,3190829c,milanrona,2025-04-03,13:58:55,-07:00,2025-04-03T13:58:55-07:00,0,53
index.html,8,html,626e77c9,milanrona,2025-04-11,14:12:32,-07:00,2025-04-11T14:12:32-07:00,0,6
index.html,9,html,626e77c9,milanrona,2025-04-11,14:12:32,-07:00,2025-04-11T14:12:32-07:00,0,56
index.html,10,html,626e77c9,milanrona,2025-04-11,14:12:32,-07:00,2025-04-11T14:12:32-07:00,0,6
index.html,11,html,626e77c9,milanrona,2025-04-11,14:12:32,-07:00,2025-04-11T14:12:32-07:00,0,52
index.html,12,html,626e77c9,milanrona,2025-04-11,14:12:32,-07:00,2025-04-11T14:12:32-07:00,0,0
index.html,13,html,626e77c9,milanrona,2025-04-11,14:12:32,-07:00,2025-04-11T14:12:32-07:00,0,0
index.html,14,html,626e77c9,milanrona,2025-04-11,14:12:32,-07:00,2025-04-11T14:12:32-07:00,0,48
index.html,15,html,626e77c9,milanrona,2025-04-11,14:12:32,-07:00,2025-04-11T14:12:32-07:00,0,5
index.html,16,html,626e77c9,milanrona,2025-04-11,14:12:32,-07:00,2025-04-11T14:12:32-07:00,0,33
index.html,17,html,626e77c9,milanrona,2025-04-11,14:12:32,-07:00,2025-04-11T14:12:32-07:00,0,0
index.html,18,html,626e77c9,milanrona,2025-04-11,14:12:32,-07:00,2025-04-11T14:12:32-07:00,0,7
index.html,19,html,6f3a796a,milanrona,2025-04-18,11:55:51,-07:00,2025-04-18T11:55:51-07:00,0,46
index.html,20,html,d7b057f6,milanrona,2025-04-25,23:10:19,-07:00,2025-04-25T23:10:19-07:00,0,51
index.html,21,html,3190829c,milanrona,2025-04-03,13:58:55,-07:00,2025-04-03T13:58:55-07:00,0,6
index.html,22,html,3190829c,milanrona,2025-04-03,13:58:55,-07:00,2025-04-03T13:58:55-07:00,0,5
index.html,23,html,520bfa02,milanrona,2025-04-04,18:24:06,-07:00,2025-04-04T18:24:06-07:00,0,0
index.html,24,html,3190829c,milanrona,2025-04-03,13:58:55,-07:00,2025-04-03T13:58:55-07:00,0,18
index.html,25,html,047ee3bd,milanrona,2025-04-03,14:50:56,-07:00,2025-04-03T14:50:56-07:00,0,201
index.html,26,html,520bfa02,milanrona,2025-04-04,18:24:06,-07:00,2025-04-04T18:24:06-07:00,0,99
index.html,27,html,d7b057f6,milanrona,2025-04-25,23:10:19,-07:00,2025-04-25T23:10:19-07:00,0,0
index.html,28,html,d7b057f6,milanrona,2025-04-25,23:10:19,-07:00,2025-04-25T23:10:19-07:00,0,0
index.html,29,html,d7b057f6,milanrona,2025-04-25,23:10:19,-07:00,2025-04-25T23:10:19-07:00,0,23
index.html,30,html,d7b057f6,milanrona,2025-04-25,23:10:19,-07:00,2025-04-25T23:10:19-07:00,0,21
index.html,31,html,d7b057f6,milanrona,2025-04-25,23:10:19,-07:00,2025-04-25T23:10:19-07:00,0,50
index.html,32,html,d7b057f6,milanrona,2025-04-25,23:10:19,-07:00,2025-04-25T23:10:19-07:00,0,5
index.html,33,html,d7b057f6,milanrona,2025-04-25,23:10:19,-07:00,2025-04-25T23:10:19-07:00,0,0
index.html,34,html,d7b057f6,milanrona,2025-04-25,23:10:19,-07:00,2025-04-25T23:10:19-07:00,0,29
index.html,35,html,3190829c,milanrona,2025-04-03,13:58:55,-07:00,2025-04-03T13:58:55-07:00,0,6
index.html,36,html,3190829c,milanrona,2025-04-03,13:58:55,-07:00,2025-04-03T13:58:55-07:00,0,6
global.js,1,js,6f3a796a,milanrona,2025-04-18,11:55:51,-07:00,2025-04-18T11:55:51-07:00,0,26
global.js,2,js,acb6c894,milanrona,2025-04-18,12:48:34,-07:00,2025-04-18T12:48:34-07:00,0,89
global.js,3,js,acb6c894,milanrona,2025-04-18,12:48:34,-07:00,2025-04-18T12:48:34-07:00,0,37
global.js,4,js,bb9c2ebf,milanrona,2025-04-18,12:55:37,-07:00,2025-04-18T12:55:37-07:00,0,49
global.js,5,js,6f3a796a,milanrona,2025-04-18,11:55:51,-07:00,2025-04-18T11:55:51-07:00,0,0
global.js,6,js,6f3a796a,milanrona,2025-04-18,11:55:51,-07:00,2025-04-18T11:55:51-07:00,0,42
global.js,7,js,6f3a796a,milanrona,2025-04-18,11:55:51,-07:00,2025-04-18T11:55:51-07:00,0,53
global.js,8,js,acb6c894,milanrona,2025-04-18,12:48:34,-07:00,2025-04-18T12:48:34-07:00,0,0
global.js,9,js,acb6c894,milanrona,2025-04-18,12:48:34,-07:00,2025-04-18T12:48:34-07:00,0,0
global.js,10,js,2e0bfae6,milanrona,2025-04-18,14:29:49,-07:00,2025-04-18T14:29:49-07:00,0,25
global.js,11,js,f4e2b862,milanrona,2025-04-18,14:35:45,-07:00,2025-04-18T14:35:45-07:00,0,10
global.js,12,js,f4e2b862,milanrona,2025-04-18,14:35:45,-07:00,2025-04-18T14:35:45-07:00,0,64
global.js,13,js,f4e2b862,milanrona,2025-04-18,14:35:45,-07:00,2025-04-18T14:35:45-07:00,0,29
global.js,14,js,f4e2b862,milanrona,2025-04-18,14:35:45,-07:00,2025-04-18T14:35:45-07:00,0,19
global.js,15,js,2e0bfae6,milanrona,2025-04-18,14:29:49,-07:00,2025-04-18T14:29:49-07:00,0,0
global.js,16,js,f4e2b862,milanrona,2025-04-18,14:35:45,-07:00,2025-04-18T14:35:45-07:00,0,0
global.js,17,js,2e0bfae6,milanrona,2025-04-18,14:29:49,-07:00,2025-04-18T14:29:49-07:00,0,0
global.js,18,js,acb6c894,milanrona,2025-04-18,12:48:34,-07:00,2025-04-18T12:48:34-07:00,0,12
global.js,19,js,acb6c894,milanrona,2025-04-18,12:48:34,-07:00,2025-04-18T12:48:34-07:00,0,26
global.js,20,js,acb6c894,milanrona,2025-04-18,12:48:34,-07:00,2025-04-18T12:48:34-07:00,0,39
global.js,21,js,acb6c894,milanrona,2025-04-18,12:48:34,-07:00,2025-04-18T12:48:34-07:00,0,35
global.js,22,js,acb6c894,milanrona,2025-04-18,12:48:34,-07:00,2025-04-18T12:48:34-07:00,0,38
global.js,23,js,00000000,Not Committed Yet,2025-05-09,01:27:28,-07:00,2025-05-09T01:27:28-07:00,0,32
global.js,24,js,e6bc4053,milanrona,2025-04-18,13:03:06,-07:00,2025-04-18T13:03:06-07:00,0,52
global.js,25,js,acb6c894,milanrona,2025-04-18,12:48:34,-07:00,2025-04-18T12:48:34-07:00,0,1
global.js,26,js,acb6c894,milanrona,2025-04-18,12:48:34,-07:00,2025-04-18T12:48:34-07:00,0,0
global.js,27,js,5faf9ea9,milanrona,2025-04-18,12:51:30,-07:00,2025-04-18T12:51:30-07:00,0,39
global.js,28,js,5faf9ea9,milanrona,2025-04-18,12:51:30,-07:00,2025-04-18T12:51:30-07:00,0,0
global.js,29,js,5faf9ea9,milanrona,2025-04-18,12:51:30,-07:00,2025-04-18T12:51:30-07:00,0,26
global.js,30,js,5faf9ea9,milanrona,2025-04-18,12:51:30,-07:00,2025-04-18T12:51:30-07:00,0,0
global.js,31,js,815c350d,milanrona,2025-04-18,14:24:36,-07:00,2025-04-18T14:24:36-07:00,0,0
global.js,32,js,5faf9ea9,milanrona,2025-04-18,12:51:30,-07:00,2025-04-18T12:51:30-07:00,0,21
global.js,33,js,acb6c894,milanrona,2025-04-18,12:48:34,-07:00,2025-04-18T12:48:34-07:00,0,15
global.js,34,js,acb6c894,milanrona,2025-04-18,12:48:34,-07:00,2025-04-18T12:48:34-07:00,0,19
global.js,35,js,acb6c894,milanrona,2025-04-18,12:48:34,-07:00,2025-04-18T12:48:34-07:00,0,42
global.js,36,js,acb6c894,milanrona,2025-04-18,12:48:34,-07:00,2025-04-18T12:48:34-07:00,0,53
global.js,37,js,5faf9ea9,milanrona,2025-04-18,12:51:30,-07:00,2025-04-18T12:51:30-07:00,0,35
global.js,38,js,5faf9ea9,milanrona,2025-04-18,12:51:30,-07:00,2025-04-18T12:51:30-07:00,0,12
global.js,39,js,5faf9ea9,milanrona,2025-04-18,12:51:30,-07:00,2025-04-18T12:51:30-07:00,0,21
global.js,40,js,815c350d,milanrona,2025-04-18,14:24:36,-07:00,2025-04-18T14:24:36-07:00,0,0
global.js,41,js,815c350d,milanrona,2025-04-18,14:24:36,-07:00,2025-04-18T14:24:36-07:00,0,18
global.js,42,js,815c350d,milanrona,2025-04-18,14:24:36,-07:00,2025-04-18T14:24:36-07:00,0,9
global.js,43,js,2e0bfae6,milanrona,2025-04-18,14:29:49,-07:00,2025-04-18T14:29:49-07:00,0,81
global.js,44,js,2e0bfae6,milanrona,2025-04-18,14:29:49,-07:00,2025-04-18T14:29:49-07:00,0,1
global.js,45,js,815c350d,milanrona,2025-04-18,14:24:36,-07:00,2025-04-18T14:24:36-07:00,0,0
global.js,46,js,815c350d,milanrona,2025-04-18,14:24:36,-07:00,2025-04-18T14:24:36-07:00,0,34
global.js,47,js,2e0bfae6,milanrona,2025-04-18,14:29:49,-07:00,2025-04-18T14:29:49-07:00,0,30
global.js,48,js,815c350d,milanrona,2025-04-18,14:24:36,-07:00,2025-04-18T14:24:36-07:00,0,19
global.js,49,js,2e0bfae6,milanrona,2025-04-18,14:29:49,-07:00,2025-04-18T14:29:49-07:00,0,0
global.js,50,js,5faf9ea9,milanrona,2025-04-18,12:51:30,-07:00,2025-04-18T12:51:30-07:00,0,13
global.js,51,js,b945e0d6,milanrona,2025-04-18,15:19:32,-07:00,2025-04-18T15:19:32-07:00,0,0
global.js,52,js,b945e0d6,milanrona,2025-04-18,15:19:32,-07:00,2025-04-18T15:19:32-07:00,0,0
global.js,53,js,b945e0d6,milanrona,2025-04-18,15:19:32,-07:00,2025-04-18T15:19:32-07:00,0,32
global.js,54,js,b945e0d6,milanrona,2025-04-18,15:19:32,-07:00,2025-04-18T15:19:32-07:00,0,12
global.js,55,js,b945e0d6,milanrona,2025-04-18,15:19:32,-07:00,2025-04-18T15:19:32-07:00,0,0
global.js,56,js,b945e0d6,milanrona,2025-04-18,15:19:32,-07:00,2025-04-18T15:19:32-07:00,0,27
global.js,57,js,b945e0d6,milanrona,2025-04-18,15:19:32,-07:00,2025-04-18T15:19:32-07:00,0,5
global.js,58,js,b945e0d6,milanrona,2025-04-18,15:19:32,-07:00,2025-04-18T15:19:32-07:00,0,7
global.js,59,js,b945e0d6,milanrona,2025-04-18,15:19:32,-07:00,2025-04-18T15:19:32-07:00,0,38
global.js,60,js,b945e0d6,milanrona,2025-04-18,15:19:32,-07:00,2025-04-18T15:19:32-07:00,0,35
global.js,61,js,b945e0d6,milanrona,2025-04-18,15:19:32,-07:00,2025-04-18T15:19:32-07:00,0,33
global.js,62,js,b945e0d6,milanrona,2025-04-18,15:19:32,-07:00,2025-04-18T15:19:32-07:00,0,8
global.js,63,js,b945e0d6,milanrona,2025-04-18,15:19:32,-07:00,2025-04-18T15:19:32-07:00,0,8
global.js,64,js,b945e0d6,milanrona,2025-04-18,15:19:32,-07:00,2025-04-18T15:19:32-07:00,0,1
global.js,65,js,b945e0d6,milanrona,2025-04-18,15:19:32,-07:00,2025-04-18T15:19:32-07:00,0,0
global.js,66,js,b945e0d6,milanrona,2025-04-18,15:19:32,-07:00,2025-04-18T15:19:32-07:00,0,0
global.js,67,js,b945e0d6,milanrona,2025-04-18,15:19:32,-07:00,2025-04-18T15:19:32-07:00,0,0
global.js,68,js,b945e0d6,milanrona,2025-04-18,15:19:32,-07:00,2025-04-18T15:19:32-07:00,0,61
global.js,69,js,b945e0d6,milanrona,2025-04-18,15:19:32,-07:00,2025-04-18T15:19:32-07:00,0,0
global.js,70,js,b945e0d6,milanrona,2025-04-18,15:19:32,-07:00,2025-04-18T15:19:32-07:00,0,35
global.js,71,js,b945e0d6,milanrona,2025-04-18,15:19:32,-07:00,2025-04-18T15:19:32-07:00,0,38
global.js,72,js,b945e0d6,milanrona,2025-04-18,15:19:32,-07:00,2025-04-18T15:19:32-07:00,0,20
global.js,73,js,b945e0d6,milanrona,2025-04-18,15:19:32,-07:00,2025-04-18T15:19:32-07:00,0,65
global.js,74,js,b945e0d6,milanrona,2025-04-18,15:19:32,-07:00,2025-04-18T15:19:32-07:00,0,0
global.js,75,js,b945e0d6,milanrona,2025-04-18,15:19:32,-07:00,2025-04-18T15:19:32-07:00,0,0
global.js,76,js,b945e0d6,milanrona,2025-04-18,15:19:32,-07:00,2025-04-18T15:19:32-07:00,0,50
global.js,77,js,b945e0d6,milanrona,2025-04-18,15:19:32,-07:00,2025-04-18T15:19:32-07:00,0,32
global.js,78,js,b945e0d6,milanrona,2025-04-18,15:19:32,-07:00,2025-04-18T15:19:32-07:00,0,45
global.js,79,js,b945e0d6,milanrona,2025-04-18,15:19:32,-07:00,2025-04-18T15:19:32-07:00,0,32
global.js,80,js,b945e0d6,milanrona,2025-04-18,15:19:32,-07:00,2025-04-18T15:19:32-07:00,0,78
global.js,81,js,b945e0d6,milanrona,2025-04-18,15:19:32,-07:00,2025-04-18T15:19:32-07:00,0,2
global.js,82,js,b945e0d6,milanrona,2025-04-18,15:19:32,-07:00,2025-04-18T15:19:32-07:00,0,0
global.js,83,js,d7b057f6,milanrona,2025-04-25,23:10:19,-07:00,2025-04-25T23:10:19-07:00,0,0
global.js,84,js,d7b057f6,milanrona,2025-04-25,23:10:19,-07:00,2025-04-25T23:10:19-07:00,0,37
global.js,85,js,d7b057f6,milanrona,2025-04-25,23:10:19,-07:00,2025-04-25T23:10:19-07:00,0,4
global.js,86,js,d7b057f6,milanrona,2025-04-25,23:10:19,-07:00,2025-04-25T23:10:19-07:00,0,40
global.js,87,js,d7b057f6,milanrona,2025-04-25,23:10:19,-07:00,2025-04-25T23:10:19-07:00,0,33
global.js,88,js,d7b057f6,milanrona,2025-04-25,23:10:19,-07:00,2025-04-25T23:10:19-07:00,0,0
global.js,89,js,d7b057f6,milanrona,2025-04-25,23:10:19,-07:00,2025-04-25T23:10:19-07:00,0,18
global.js,90,js,d7b057f6,milanrona,2025-04-25,23:10:19,-07:00,2025-04-25T23:10:19-07:00,0,65
global.js,91,js,d7b057f6,milanrona,2025-04-25,23:10:19,-07:00,2025-04-25T23:10:19-07:00,0,0
global.js,92,js,d7b057f6,milanrona,2025-04-25,23:10:19,-07:00,2025-04-25T23:10:19-07:00,0,33
global.js,93,js,d7b057f6,milanrona,2025-04-25,23:10:19,-07:00,2025-04-25T23:10:19-07:00,0,10
global.js,94,js,d7b057f6,milanrona,2025-04-25,23:10:19,-07:00,2025-04-25T23:10:19-07:00,0,16
global.js,95,js,d7b057f6,milanrona,2025-04-25,23:10:19,-07:00,2025-04-25T23:10:19-07:00,0,60
global.js,96,js,d7b057f6,milanrona,2025-04-25,23:10:19,-07:00,2025-04-25T23:10:19-07:00,0,0
global.js,97,js,d7b057f6,milanrona,2025-04-25,23:10:19,-07:00,2025-04-25T23:10:19-07:00,0,0
global.js,98,js,d7b057f6,milanrona,2025-04-25,23:10:19,-07:00,2025-04-25T23:10:19-07:00,0,0
global.js,99,js,d7b057f6,milanrona,2025-04-25,23:10:19,-07:00,2025-04-25T23:10:19-07:00,0,0
global.js,100,js,d7b057f6,milanrona,2025-04-25,23:10:19,-07:00,2025-04-25T23:10:19-07:00,0,58
global.js,101,js,d7b057f6,milanrona,2025-04-25,23:10:19,-07:00,2025-04-25T23:10:19-07:00,0,24
global.js,102,js,d7b057f6,milanrona,2025-04-25,23:10:19,-07:00,2025-04-25T23:10:19-07:00,0,31
global.js,103,js,d7b057f6,milanrona,2025-04-25,23:10:19,-07:00,2025-04-25T23:10:19-07:00,0,0
global.js,104,js,d7b057f6,milanrona,2025-04-25,23:10:19,-07:00,2025-04-25T23:10:19-07:00,0,27
global.js,105,js,d7b057f6,milanrona,2025-04-25,23:10:19,-07:00,2025-04-25T23:10:19-07:00,0,49
global.js,106,js,c1159eb8,milanrona,2025-04-25,23:57:54,-07:00,2025-04-25T23:57:54-07:00,0,85
global.js,107,js,d7b057f6,milanrona,2025-04-25,23:10:19,-07:00,2025-04-25T23:10:19-07:00,0,20
global.js,108,js,d7b057f6,milanrona,2025-04-25,23:10:19,-07:00,2025-04-25T23:10:19-07:00,0,24
global.js,109,js,c1159eb8,milanrona,2025-04-25,23:57:54,-07:00,2025-04-25T23:57:54-07:00,0,62
global.js,110,js,7a5d564e,milanrona,2025-05-02,00:58:34,-07:00,2025-05-02T00:58:34-07:00,0,29
global.js,111,js,7a5d564e,milanrona,2025-05-02,00:58:34,-07:00,2025-05-02T00:58:34-07:00,0,23
global.js,112,js,d7b057f6,milanrona,2025-04-25,23:10:19,-07:00,2025-04-25T23:10:19-07:00,0,1
global.js,113,js,d7b057f6,milanrona,2025-04-25,23:10:19,-07:00,2025-04-25T23:10:19-07:00,0,36
global.js,114,js,d7b057f6,milanrona,2025-04-25,23:10:19,-07:00,2025-04-25T23:10:19-07:00,0,2
global.js,115,js,d7b057f6,milanrona,2025-04-25,23:10:19,-07:00,2025-04-25T23:10:19-07:00,0,0
global.js,116,js,d7b057f6,milanrona,2025-04-25,23:10:19,-07:00,2025-04-25T23:10:19-07:00,0,0
global.js,117,js,d7b057f6,milanrona,2025-04-25,23:10:19,-07:00,2025-04-25T23:10:19-07:00,0,82
global.js,118,js,d7b057f6,milanrona,2025-04-25,23:10:19,-07:00,2025-04-25T23:10:19-07:00,0,54
global.js,119,js,d7b057f6,milanrona,2025-04-25,23:10:19,-07:00,2025-04-25T23:10:19-07:00,0,36
global.js,120,js,d7b057f6,milanrona,2025-04-25,23:10:19,-07:00,2025-04-25T23:10:19-07:00,0,0
global.js,121,js,d7b057f6,milanrona,2025-04-25,23:10:19,-07:00,2025-04-25T23:10:19-07:00,0,78
global.js,122,js,d7b057f6,milanrona,2025-04-25,23:10:19,-07:00,2025-04-25T23:10:19-07:00,0,32
global.js,123,js,d7b057f6,milanrona,2025-04-25,23:10:19,-07:00,2025-04-25T23:10:19-07:00,0,48
global.js,124,js,d7b057f6,milanrona,2025-04-25,23:10:19,-07:00,2025-04-25T23:10:19-07:00,0,56
global.js,125,js,d7b057f6,milanrona,2025-04-25,23:10:19,-07:00,2025-04-25T23:10:19-07:00,0,0
global.js,126,js,d7b057f6,milanrona,2025-04-25,23:10:19,-07:00,2025-04-25T23:10:19-07:00,0,56
global.js,127,js,d7b057f6,milanrona,2025-04-25,23:10:19,-07:00,2025-04-25T23:10:19-07:00,0,59
global.js,128,js,d7b057f6,milanrona,2025-04-25,23:10:19,-07:00,2025-04-25T23:10:19-07:00,0,82
global.js,129,js,d7b057f6,milanrona,2025-04-25,23:10:19,-07:00,2025-04-25T23:10:19-07:00,0,0
global.js,130,js,d7b057f6,milanrona,2025-04-25,23:10:19,-07:00,2025-04-25T23:10:19-07:00,0,70
global.js,131,js,d7b057f6,milanrona,2025-04-25,23:10:19,-07:00,2025-04-25T23:10:19-07:00,0,27
global.js,132,js,d7b057f6,milanrona,2025-04-25,23:10:19,-07:00,2025-04-25T23:10:19-07:00,0,56
global.js,133,js,d7b057f6,milanrona,2025-04-25,23:10:19,-07:00,2025-04-25T23:10:19-07:00,0,59
global.js,134,js,d7b057f6,milanrona,2025-04-25,23:10:19,-07:00,2025-04-25T23:10:19-07:00,0,37
global.js,135,js,d7b057f6,milanrona,2025-04-25,23:10:19,-07:00,2025-04-25T23:10:19-07:00,0,8
global.js,136,js,d7b057f6,milanrona,2025-04-25,23:10:19,-07:00,2025-04-25T23:10:19-07:00,0,0
global.js,137,js,d7b057f6,milanrona,2025-04-25,23:10:19,-07:00,2025-04-25T23:10:19-07:00,0,44
global.js,138,js,d7b057f6,milanrona,2025-04-25,23:10:19,-07:00,2025-04-25T23:10:19-07:00,0,44
global.js,139,js,d7b057f6,milanrona,2025-04-25,23:10:19,-07:00,2025-04-25T23:10:19-07:00,0,7
global.js,140,js,d7b057f6,milanrona,2025-04-25,23:10:19,-07:00,2025-04-25T23:10:19-07:00,0,3
global.js,141,js,d7b057f6,milanrona,2025-04-25,23:10:19,-07:00,2025-04-25T23:10:19-07:00,0,0
global.js,142,js,d7b057f6,milanrona,2025-04-25,23:10:19,-07:00,2025-04-25T23:10:19-07:00,0,48
global.js,143,js,d7b057f6,milanrona,2025-04-25,23:10:19,-07:00,2025-04-25T23:10:19-07:00,0,23
global.js,144,js,d7b057f6,milanrona,2025-04-25,23:10:19,-07:00,2025-04-25T23:10:19-07:00,0,60
global.js,145,js,d7b057f6,milanrona,2025-04-25,23:10:19,-07:00,2025-04-25T23:10:19-07:00,0,0
resume/index.html,1,html,047ee3bd,milanrona,2025-04-03,14:50:56,-07:00,2025-04-03T14:50:56-07:00,0,14
resume/index.html,2,html,047ee3bd,milanrona,2025-04-03,14:50:56,-07:00,2025-04-03T14:50:56-07:00,0,15
resume/index.html,3,html,047ee3bd,milanrona,2025-04-03,14:50:56,-07:00,2025-04-03T14:50:56-07:00,0,5
resume/index.html,4,html,047ee3bd,milanrona,2025-04-03,14:50:56,-07:00,2025-04-03T14:50:56-07:00,0,21
resume/index.html,5,html,047ee3bd,milanrona,2025-04-03,14:50:56,-07:00,2025-04-03T14:50:56-07:00,0,69
resume/index.html,6,html,047ee3bd,milanrona,2025-04-03,14:50:56,-07:00,2025-04-03T14:50:56-07:00,0,33
resume/index.html,7,html,626e77c9,milanrona,2025-04-11,14:12:32,-07:00,2025-04-11T14:12:32-07:00,0,42
resume/index.html,8,html,047ee3bd,milanrona,2025-04-03,14:50:56,-07:00,2025-04-03T14:50:56-07:00,0,6
resume/index.html,9,html,626e77c9,milanrona,2025-04-11,14:12:32,-07:00,2025-04-11T14:12:32-07:00,0,6
resume/index.html,10,html,626e77c9,milanrona,2025-04-11,14:12:32,-07:00,2025-04-11T14:12:32-07:00,0,52
resume/index.html,11,html,626e77c9,milanrona,2025-04-11,14:12:32,-07:00,2025-04-11T14:12:32-07:00,0,0
resume/index.html,12,html,047ee3bd,milanrona,2025-04-03,14:50:56,-07:00,2025-04-03T14:50:56-07:00,0,7
resume/index.html,13,html,6f3a796a,milanrona,2025-04-18,11:55:51,-07:00,2025-04-18T11:55:51-07:00,0,49
resume/index.html,14,html,047ee3bd,milanrona,2025-04-03,14:50:56,-07:00,2025-04-03T14:50:56-07:00,0,6
resume/index.html,15,html,21691212,milanrona,2025-04-11,14:52:02,-07:00,2025-04-11T14:52:02-07:00,0,21
resume/index.html,16,html,acb6c894,milanrona,2025-04-18,12:48:34,-07:00,2025-04-18T12:48:34-07:00,0,0
resume/index.html,17,html,047ee3bd,milanrona,2025-04-03,14:50:56,-07:00,2025-04-03T14:50:56-07:00,0,18
resume/index.html,18,html,047ee3bd,milanrona,2025-04-03,14:50:56,-07:00,2025-04-03T14:50:56-07:00,0,81
resume/index.html,19,html,047ee3bd,milanrona,2025-04-03,14:50:56,-07:00,2025-04-03T14:50:56-07:00,0,27
resume/index.html,20,html,047ee3bd,milanrona,2025-04-03,14:50:56,-07:00,2025-04-03T14:50:56-07:00,0,52
resume/index.html,21,html,047ee3bd,milanrona,2025-04-03,14:50:56,-07:00,2025-04-03T14:50:56-07:00,0,0
resume/index.html,22,html,047ee3bd,milanrona,2025-04-03,14:50:56,-07:00,2025-04-03T14:50:56-07:00,0,3
resume/index.html,23,html,047ee3bd,milanrona,2025-04-03,14:50:56,-07:00,2025-04-03T14:50:56-07:00,0,0
resume/index.html,24,html,047ee3bd,milanrona,2025-04-03,14:50:56,-07:00,2025-04-03T14:50:56-07:00,0,17
resume/index.html,25,html,047ee3bd,milanrona,2025-04-03,14:50:56,-07:00,2025-04-03T14:50:56-07:00,0,102
resume/index.html,26,html,047ee3bd,milanrona,2025-04-03,14:50:56,-07:00,2025-04-03T14:50:56-07:00,0,3
resume/index.html,27,html,047ee3bd,milanrona,2025-04-03,14:50:56,-07:00,2025-04-03T14:50:56-07:00,0,54
resume/index.html,28,html,047ee3bd,milanrona,2025-04-03,14:50:56,-07:00,2025-04-03T14:50:56-07:00,0,152
resume/index.html,29,html,047ee3bd,milanrona,2025-04-03,14:50:56,-07:00,2025-04-03T14:50:56-07:00,0,4
resume/index.html,30,html,047ee3bd,milanrona,2025-04-03,14:50:56,-07:00,2025-04-03T14:50:56-07:00,0,0
resume/index.html,31,html,047ee3bd,milanrona,2025-04-03,14:50:56,-07:00,2025-04-03T14:50:56-07:00,0,56
resume/index.html,32,html,047ee3bd,milanrona,2025-04-03,14:50:56,-07:00,2025-04-03T14:50:56-07:00,0,3
resume/index.html,33,html,047ee3bd,milanrona,2025-04-03,14:50:56,-07:00,2025-04-03T14:50:56-07:00,0,16
resume/index.html,34,html,047ee3bd,milanrona,2025-04-03,14:50:56,-07:00,2025-04-03T14:50:56-07:00,0,142
resume/index.html,35,html,047ee3bd,milanrona,2025-04-03,14:50:56,-07:00,2025-04-03T14:50:56-07:00,0,4
resume/index.html,36,html,047ee3bd,milanrona,2025-04-03,14:50:56,-07:00,2025-04-03T14:50:56-07:00,0,0
resume/index.html,37,html,047ee3bd,milanrona,2025-04-03,14:50:56,-07:00,2025-04-03T14:50:56-07:00,0,3
resume/index.html,38,html,047ee3bd,milanrona,2025-04-03,14:50:56,-07:00,2025-04-03T14:50:56-07:00,0,0
resume/index.html,39,html,047ee3bd,milanrona,2025-04-03,14:50:56,-07:00,2025-04-03T14:50:56-07:00,0,23
resume/index.html,40,html,047ee3bd,milanrona,2025-04-03,14:50:56,-07:00,2025-04-03T14:50:56-07:00,0,91
resume/index.html,41,html,047ee3bd,milanrona,2025-04-03,14:50:56,-07:00,2025-04-03T14:50:56-07:00,0,3
resume/index.html,42,html,047ee3bd,milanrona,2025-04-03,14:50:56,-07:00,2025-04-03T14:50:56-07:00,0,111
resume/index.html,43,html,047ee3bd,milanrona,2025-04-03,14:50:56,-07:00,2025-04-03T14:50:56-07:00,0,94
resume/index.html,44,html,047ee3bd,milanrona,2025-04-03,14:50:56,-07:00,2025-04-03T14:50:56-07:00,0,4
resume/index.html,45,html,047ee3bd,milanrona,2025-04-03,14:50:56,-07:00,2025-04-03T14:50:56-07:00,0,0
resume/index.html,46,html,047ee3bd,milanrona,2025-04-03,14:50:56,-07:00,2025-04-03T14:50:56-07:00,0,3
resume/index.html,47,html,047ee3bd,milanrona,2025-04-03,14:50:56,-07:00,2025-04-03T14:50:56-07:00,0,0
resume/index.html,48,html,047ee3bd,milanrona,2025-04-03,14:50:56,-07:00,2025-04-03T14:50:56-07:00,0,35
resume/index.html,49,html,047ee3bd,milanrona,2025-04-03,14:50:56,-07:00,2025-04-03T14:50:56-07:00,0,128
resume/index.html,50,html,047ee3bd,milanrona,2025-04-03,14:50:56,-07:00,2025-04-03T14:50:56-07:00,0,51
resume/index.html,51,html,047ee3bd,milanrona,2025-04-03,14:50:56,-07:00,2025-04-03T14:50:56-07:00,0,3
resume/index.html,52,html,047ee3bd,milanrona,2025-04-03,14:50:56,-07:00,2025-04-03T14:50:56-07:00,0,100
resume/index.html,53,html,047ee3bd,milanrona,2025-04-03,14:50:56,-07:00,2025-04-03T14:50:56-07:00,0,100
resume/index.html,54,html,047ee3bd,milanrona,2025-04-03,14:50:56,-07:00,2025-04-03T14:50:56-07:00,0,4
resume/index.html,55,html,047ee3bd,milanrona,2025-04-03,14:50:56,-07:00,2025-04-03T14:50:56-07:00,0,0
resume/index.html,56,html,047ee3bd,milanrona,2025-04-03,14:50:56,-07:00,2025-04-03T14:50:56-07:00,0,45
resume/index.html,57,html,047ee3bd,milanrona,2025-04-03,14:50:56,-07:00,2025-04-03T14:50:56-07:00,0,36
resume/index.html,58,html,047ee3bd,milanrona,2025-04-03,14:50:56,-07:00,2025-04-03T14:50:56-07:00,0,3
resume/index.html,59,html,047ee3bd,milanrona,2025-04-03,14:50:56,-07:00,2025-04-03T14:50:56-07:00,0,99
resume/index.html,60,html,047ee3bd,milanrona,2025-04-03,14:50:56,-07:00,2025-04-03T14:50:56-07:00,0,94
resume/index.html,61,html,047ee3bd,milanrona,2025-04-03,14:50:56,-07:00,2025-04-03T14:50:56-07:00,0,4
resume/index.html,62,html,047ee3bd,milanrona,2025-04-03,14:50:56,-07:00,2025-04-03T14:50:56-07:00,0,0
resume/index.html,63,html,047ee3bd,milanrona,2025-04-03,14:50:56,-07:00,2025-04-03T14:50:56-07:00,0,139
resume/index.html,64,html,047ee3bd,milanrona,2025-04-03,14:50:56,-07:00,2025-04-03T14:50:56-07:00,0,49
resume/index.html,65,html,047ee3bd,milanrona,2025-04-03,14:50:56,-07:00,2025-04-03T14:50:56-07:00,0,3
resume/index.html,66,html,047ee3bd,milanrona,2025-04-03,14:50:56,-07:00,2025-04-03T14:50:56-07:00,0,94
resume/index.html,67,html,047ee3bd,milanrona,2025-04-03,14:50:56,-07:00,2025-04-03T14:50:56-07:00,0,101
resume/index.html,68,html,047ee3bd,milanrona,2025-04-03,14:50:56,-07:00,2025-04-03T14:50:56-07:00,0,4
resume/index.html,69,html,047ee3bd,milanrona,2025-04-03,14:50:56,-07:00,2025-04-03T14:50:56-07:00,0,0
resume/index.html,70,html,047ee3bd,milanrona,2025-04-03,14:50:56,-07:00,2025-04-03T14:50:56-07:00,0,50
resume/index.html,71,html,047ee3bd,milanrona,2025-04-03,14:50:56,-07:00,2025-04-03T14:50:56-07:00,0,60
resume/index.html,72,html,047ee3bd,milanrona,2025-04-03,14:50:56,-07:00,2025-04-03T14:50:56-07:00,0,3
resume/index.html,73,html,047ee3bd,milanrona,2025-04-03,14:50:56,-07:00,2025-04-03T14:50:56-07:00,0,82
resume/index.html,74,html,047ee3bd,milanrona,2025-04-03,14:50:56,-07:00,2025-04-03T14:50:56-07:00,0,93
resume/index.html,75,html,047ee3bd,milanrona,2025-04-03,14:50:56,-07:00,2025-04-03T14:50:56-07:00,0,4
resume/index.html,76,html,047ee3bd,milanrona,2025-04-03,14:50:56,-07:00,2025-04-03T14:50:56-07:00,0,0
resume/index.html,77,html,047ee3bd,milanrona,2025-04-03,14:50:56,-07:00,2025-04-03T14:50:56-07:00,0,3
resume/index.html,78,html,047ee3bd,milanrona,2025-04-03,14:50:56,-07:00,2025-04-03T14:50:56-07:00,0,0
resume/index.html,79,html,047ee3bd,milanrona,2025-04-03,14:50:56,-07:00,2025-04-03T14:50:56-07:00,0,106
resume/index.html,80,html,047ee3bd,milanrona,2025-04-03,14:50:56,-07:00,2025-04-03T14:50:56-07:00,0,0
resume/index.html,81,html,047ee3bd,milanrona,2025-04-03,14:50:56,-07:00,2025-04-03T14:50:56-07:00,0,6
resume/index.html,82,html,047ee3bd,milanrona,2025-04-03,14:50:56,-07:00,2025-04-03T14:50:56-07:00,0,6
projects/projects.js,1,js,7a5d564e,milanrona,2025-05-02,00:58:34,-07:00,2025-05-02T00:58:34-07:00,0,64
projects/projects.js,2,js,7a5d564e,milanrona,2025-05-02,00:58:34,-07:00,2025-05-02T00:58:34-07:00,0,0
projects/projects.js,3,js,d7b057f6,milanrona,2025-04-25,23:10:19,-07:00,2025-04-25T23:10:19-07:00,0,56
projects/projects.js,4,js,d7b057f6,milanrona,2025-04-25,23:10:19,-07:00,2025-04-25T23:10:19-07:00,0,56
projects/projects.js,5,js,d7b057f6,milanrona,2025-04-25,23:10:19,-07:00,2025-04-25T23:10:19-07:00,0,61
projects/projects.js,6,js,d7b057f6,milanrona,2025-04-25,23:10:19,-07:00,2025-04-25T23:10:19-07:00,0,49
projects/projects.js,7,js,7a5d564e,milanrona,2025-05-02,00:58:34,-07:00,2025-05-02T00:58:34-07:00,0,0
projects/projects.js,8,js,7a5d564e,milanrona,2025-05-02,00:58:34,-07:00,2025-05-02T00:58:34-07:00,0,58
projects/projects.js,9,js,7a5d564e,milanrona,2025-05-02,00:58:34,-07:00,2025-05-02T00:58:34-07:00,0,48
projects/projects.js,10,js,7a5d564e,milanrona,2025-05-02,00:58:34,-07:00,2025-05-02T00:58:34-07:00,0,0
projects/projects.js,11,js,7a5d564e,milanrona,2025-05-02,00:58:34,-07:00,2025-05-02T00:58:34-07:00,0,0
projects/projects.js,12,js,77c901ff,milanrona,2025-05-02,10:56:53,-07:00,2025-05-02T10:56:53-07:00,0,22
projects/projects.js,13,js,77c901ff,milanrona,2025-05-02,10:56:53,-07:00,2025-05-02T10:56:53-07:00,0,20
projects/projects.js,14,js,7a5d564e,milanrona,2025-05-02,00:58:34,-07:00,2025-05-02T00:58:34-07:00,0,0
projects/projects.js,15,js,7a5d564e,milanrona,2025-05-02,00:58:34,-07:00,2025-05-02T00:58:34-07:00,0,0
projects/projects.js,16,js,412dc48f,milanrona,2025-05-02,09:39:51,-07:00,2025-05-02T09:39:51-07:00,0,39
projects/projects.js,17,js,412dc48f,milanrona,2025-05-02,09:39:51,-07:00,2025-05-02T09:39:51-07:00,0,26
projects/projects.js,18,js,412dc48f,milanrona,2025-05-02,09:39:51,-07:00,2025-05-02T09:39:51-07:00,0,30
projects/projects.js,19,js,412dc48f,milanrona,2025-05-02,09:39:51,-07:00,2025-05-02T09:39:51-07:00,0,13
projects/projects.js,20,js,412dc48f,milanrona,2025-05-02,09:39:51,-07:00,2025-05-02T09:39:51-07:00,0,15
projects/projects.js,21,js,412dc48f,milanrona,2025-05-02,09:39:51,-07:00,2025-05-02T09:39:51-07:00,0,13
projects/projects.js,22,js,412dc48f,milanrona,2025-05-02,09:39:51,-07:00,2025-05-02T09:39:51-07:00,0,1
projects/projects.js,23,js,412dc48f,milanrona,2025-05-02,09:39:51,-07:00,2025-05-02T09:39:51-07:00,0,19
projects/projects.js,24,js,412dc48f,milanrona,2025-05-02,09:39:51,-07:00,2025-05-02T09:39:51-07:00,0,51
projects/projects.js,25,js,412dc48f,milanrona,2025-05-02,09:39:51,-07:00,2025-05-02T09:39:51-07:00,0,36
projects/projects.js,26,js,412dc48f,milanrona,2025-05-02,09:39:51,-07:00,2025-05-02T09:39:51-07:00,0,2
projects/projects.js,27,js,412dc48f,milanrona,2025-05-02,09:39:51,-07:00,2025-05-02T09:39:51-07:00,0,51
projects/projects.js,28,js,412dc48f,milanrona,2025-05-02,09:39:51,-07:00,2025-05-02T09:39:51-07:00,0,54
projects/projects.js,29,js,412dc48f,milanrona,2025-05-02,09:39:51,-07:00,2025-05-02T09:39:51-07:00,0,43
projects/projects.js,30,js,412dc48f,milanrona,2025-05-02,09:39:51,-07:00,2025-05-02T09:39:51-07:00,0,52
projects/projects.js,31,js,412dc48f,milanrona,2025-05-02,09:39:51,-07:00,2025-05-02T09:39:51-07:00,0,34
projects/projects.js,32,js,412dc48f,milanrona,2025-05-02,09:39:51,-07:00,2025-05-02T09:39:51-07:00,0,32
projects/projects.js,33,js,412dc48f,milanrona,2025-05-02,09:39:51,-07:00,2025-05-02T09:39:51-07:00,0,30
projects/projects.js,34,js,412dc48f,milanrona,2025-05-02,09:39:51,-07:00,2025-05-02T09:39:51-07:00,0,29
projects/projects.js,35,js,412dc48f,milanrona,2025-05-02,09:39:51,-07:00,2025-05-02T09:39:51-07:00,0,33
projects/projects.js,36,js,412dc48f,milanrona,2025-05-02,09:39:51,-07:00,2025-05-02T09:39:51-07:00,0,0
projects/projects.js,37,js,412dc48f,milanrona,2025-05-02,09:39:51,-07:00,2025-05-02T09:39:51-07:00,0,30
projects/projects.js,38,js,412dc48f,milanrona,2025-05-02,09:39:51,-07:00,2025-05-02T09:39:51-07:00,0,55
projects/projects.js,39,js,77c901ff,milanrona,2025-05-02,10:56:53,-07:00,2025-05-02T10:56:53-07:00,0,5
projects/projects.js,40,js,77c901ff,milanrona,2025-05-02,10:56:53,-07:00,2025-05-02T10:56:53-07:00,0,14
projects/projects.js,41,js,77c901ff,milanrona,2025-05-02,10:56:53,-07:00,2025-05-02T10:56:53-07:00,0,14
projects/projects.js,42,js,77c901ff,milanrona,2025-05-02,10:56:53,-07:00,2025-05-02T10:56:53-07:00,0,25
projects/projects.js,43,js,77c901ff,milanrona,2025-05-02,10:56:53,-07:00,2025-05-02T10:56:53-07:00,0,24
projects/projects.js,44,js,77c901ff,milanrona,2025-05-02,10:56:53,-07:00,2025-05-02T10:56:53-07:00,0,48
projects/projects.js,45,js,77c901ff,milanrona,2025-05-02,10:56:53,-07:00,2025-05-02T10:56:53-07:00,0,5
projects/projects.js,46,js,77c901ff,milanrona,2025-05-02,10:56:53,-07:00,2025-05-02T10:56:53-07:00,0,17
projects/projects.js,47,js,77c901ff,milanrona,2025-05-02,10:56:53,-07:00,2025-05-02T10:56:53-07:00,0,27
projects/projects.js,48,js,77c901ff,milanrona,2025-05-02,10:56:53,-07:00,2025-05-02T10:56:53-07:00,0,69
projects/projects.js,49,js,77c901ff,milanrona,2025-05-02,10:56:53,-07:00,2025-05-02T10:56:53-07:00,0,38
projects/projects.js,50,js,77c901ff,milanrona,2025-05-02,10:56:53,-07:00,2025-05-02T10:56:53-07:00,0,2
projects/projects.js,51,js,77c901ff,milanrona,2025-05-02,10:56:53,-07:00,2025-05-02T10:56:53-07:00,0,5
projects/projects.js,52,js,77c901ff,milanrona,2025-05-02,10:56:53,-07:00,2025-05-02T10:56:53-07:00,0,15
projects/projects.js,53,js,77c901ff,milanrona,2025-05-02,10:56:53,-07:00,2025-05-02T10:56:53-07:00,0,27
projects/projects.js,54,js,77c901ff,milanrona,2025-05-02,10:56:53,-07:00,2025-05-02T10:56:53-07:00,0,66
projects/projects.js,55,js,77c901ff,milanrona,2025-05-02,10:56:53,-07:00,2025-05-02T10:56:53-07:00,0,38
projects/projects.js,56,js,77c901ff,milanrona,2025-05-02,10:56:53,-07:00,2025-05-02T10:56:53-07:00,0,2
projects/projects.js,57,js,77c901ff,milanrona,2025-05-02,10:56:53,-07:00,2025-05-02T10:56:53-07:00,0,26
projects/projects.js,58,js,77c901ff,milanrona,2025-05-02,10:56:53,-07:00,2025-05-02T10:56:53-07:00,0,69
projects/projects.js,59,js,77c901ff,milanrona,2025-05-02,10:56:53,-07:00,2025-05-02T10:56:53-07:00,0,7
projects/projects.js,60,js,77c901ff,milanrona,2025-05-02,10:56:53,-07:00,2025-05-02T10:56:53-07:00,0,53
projects/projects.js,61,js,77c901ff,milanrona,2025-05-02,10:56:53,-07:00,2025-05-02T10:56:53-07:00,0,32
projects/projects.js,62,js,77c901ff,milanrona,2025-05-02,10:56:53,-07:00,2025-05-02T10:56:53-07:00,0,38
projects/projects.js,63,js,77c901ff,milanrona,2025-05-02,10:56:53,-07:00,2025-05-02T10:56:53-07:00,0,39
projects/projects.js,64,js,77c901ff,milanrona,2025-05-02,10:56:53,-07:00,2025-05-02T10:56:53-07:00,0,57
projects/projects.js,65,js,77c901ff,milanrona,2025-05-02,10:56:53,-07:00,2025-05-02T10:56:53-07:00,0,53
projects/projects.js,66,js,77c901ff,milanrona,2025-05-02,10:56:53,-07:00,2025-05-02T10:56:53-07:00,0,0
projects/projects.js,67,js,77c901ff,milanrona,2025-05-02,10:56:53,-07:00,2025-05-02T10:56:53-07:00,0,0
projects/projects.js,68,js,77c901ff,milanrona,2025-05-02,10:56:53,-07:00,2025-05-02T10:56:53-07:00,0,2
projects/projects.js,69,js,412dc48f,milanrona,2025-05-02,09:39:51,-07:00,2025-05-02T09:39:51-07:00,0,2
projects/projects.js,70,js,77c901ff,milanrona,2025-05-02,10:56:53,-07:00,2025-05-02T10:56:53-07:00,0,0
projects/projects.js,71,js,412dc48f,milanrona,2025-05-02,09:39:51,-07:00,2025-05-02T09:39:51-07:00,0,54
projects/projects.js,72,js,412dc48f,milanrona,2025-05-02,09:39:51,-07:00,2025-05-02T09:39:51-07:00,0,28
projects/projects.js,73,js,412dc48f,milanrona,2025-05-02,09:39:51,-07:00,2025-05-02T09:39:51-07:00,0,5
projects/projects.js,74,js,412dc48f,milanrona,2025-05-02,09:39:51,-07:00,2025-05-02T09:39:51-07:00,0,12
projects/projects.js,75,js,412dc48f,milanrona,2025-05-02,09:39:51,-07:00,2025-05-02T09:39:51-07:00,0,94
projects/projects.js,76,js,412dc48f,milanrona,2025-05-02,09:39:51,-07:00,2025-05-02T09:39:51-07:00,0,28
projects/projects.js,77,js,412dc48f,milanrona,2025-05-02,09:39:51,-07:00,2025-05-02T09:39:51-07:00,0,100
projects/projects.js,78,js,412dc48f,milanrona,2025-05-02,09:39:51,-07:00,2025-05-02T09:39:51-07:00,0,2
projects/projects.js,79,js,412dc48f,milanrona,2025-05-02,09:39:51,-07:00,2025-05-02T09:39:51-07:00,0,0
projects/projects.js,80,js,412dc48f,milanrona,2025-05-02,09:39:51,-07:00,2025-05-02T09:39:51-07:00,0,0
projects/projects.js,81,js,412dc48f,milanrona,2025-05-02,09:39:51,-07:00,2025-05-02T09:39:51-07:00,0,33
projects/projects.js,82,js,412dc48f,milanrona,2025-05-02,09:39:51,-07:00,2025-05-02T09:39:51-07:00,0,24
projects/projects.js,83,js,412dc48f,milanrona,2025-05-02,09:39:51,-07:00,2025-05-02T09:39:51-07:00,0,0
projects/projects.js,84,js,412dc48f,milanrona,2025-05-02,09:39:51,-07:00,2025-05-02T09:39:51-07:00,0,14
projects/projects.js,85,js,412dc48f,milanrona,2025-05-02,09:39:51,-07:00,2025-05-02T09:39:51-07:00,0,54
projects/projects.js,86,js,412dc48f,milanrona,2025-05-02,09:39:51,-07:00,2025-05-02T09:39:51-07:00,0,49
projects/projects.js,87,js,412dc48f,milanrona,2025-05-02,09:39:51,-07:00,2025-05-02T09:39:51-07:00,0,40
projects/projects.js,88,js,412dc48f,milanrona,2025-05-02,09:39:51,-07:00,2025-05-02T09:39:51-07:00,0,0
projects/projects.js,89,js,412dc48f,milanrona,2025-05-02,09:39:51,-07:00,2025-05-02T09:39:51-07:00,0,32
projects/projects.js,90,js,77c901ff,milanrona,2025-05-02,10:56:53,-07:00,2025-05-02T10:56:53-07:00,0,48
projects/projects.js,91,js,412dc48f,milanrona,2025-05-02,09:39:51,-07:00,2025-05-02T09:39:51-07:00,0,60
projects/projects.js,92,js,412dc48f,milanrona,2025-05-02,09:39:51,-07:00,2025-05-02T09:39:51-07:00,0,29
projects/projects.js,93,js,412dc48f,milanrona,2025-05-02,09:39:51,-07:00,2025-05-02T09:39:51-07:00,0,2
projects/projects.js,94,js,412dc48f,milanrona,2025-05-02,09:39:51,-07:00,2025-05-02T09:39:51-07:00,0,0
projects/projects.js,95,js,412dc48f,milanrona,2025-05-02,09:39:51,-07:00,2025-05-02T09:39:51-07:00,0,68
projects/projects.js,96,js,77c901ff,milanrona,2025-05-02,10:56:53,-07:00,2025-05-02T10:56:53-07:00,0,0
projects/projects.js,97,js,412dc48f,milanrona,2025-05-02,09:39:51,-07:00,2025-05-02T09:39:51-07:00,0,57
projects/projects.js,98,js,412dc48f,milanrona,2025-05-02,09:39:51,-07:00,2025-05-02T09:39:51-07:00,0,32
projects/projects.js,99,js,7a5d564e,milanrona,2025-05-02,00:58:34,-07:00,2025-05-02T00:58:34-07:00,0,2
projects/projects.js,100,js,7a5d564e,milanrona,2025-05-02,00:58:34,-07:00,2025-05-02T00:58:34-07:00,0,0
projects/index.html,1,html,047ee3bd,milanrona,2025-04-03,14:50:56,-07:00,2025-04-03T14:50:56-07:00,0,14
projects/index.html,2,html,047ee3bd,milanrona,2025-04-03,14:50:56,-07:00,2025-04-03T14:50:56-07:00,0,15
projects/index.html,3,html,047ee3bd,milanrona,2025-04-03,14:50:56,-07:00,2025-04-03T14:50:56-07:00,0,5
projects/index.html,4,html,047ee3bd,milanrona,2025-04-03,14:50:56,-07:00,2025-04-03T14:50:56-07:00,0,21
projects/index.html,5,html,047ee3bd,milanrona,2025-04-03,14:50:56,-07:00,2025-04-03T14:50:56-07:00,0,69
projects/index.html,6,html,047ee3bd,milanrona,2025-04-03,14:50:56,-07:00,2025-04-03T14:50:56-07:00,0,22
projects/index.html,7,html,626e77c9,milanrona,2025-04-11,14:12:32,-07:00,2025-04-11T14:12:32-07:00,0,42
projects/index.html,8,html,626e77c9,milanrona,2025-04-11,14:12:32,-07:00,2025-04-11T14:12:32-07:00,0,6
projects/index.html,9,html,626e77c9,milanrona,2025-04-11,14:12:32,-07:00,2025-04-11T14:12:32-07:00,0,6
projects/index.html,10,html,626e77c9,milanrona,2025-04-11,14:12:32,-07:00,2025-04-11T14:12:32-07:00,0,52
projects/index.html,11,html,626e77c9,milanrona,2025-04-11,14:12:32,-07:00,2025-04-11T14:12:32-07:00,0,0
projects/index.html,12,html,626e77c9,milanrona,2025-04-11,14:12:32,-07:00,2025-04-11T14:12:32-07:00,0,5
projects/index.html,13,html,626e77c9,milanrona,2025-04-11,14:12:32,-07:00,2025-04-11T14:12:32-07:00,0,33
projects/index.html,14,html,626e77c9,milanrona,2025-04-11,14:12:32,-07:00,2025-04-11T14:12:32-07:00,0,0
projects/index.html,15,html,626e77c9,milanrona,2025-04-11,14:12:32,-07:00,2025-04-11T14:12:32-07:00,0,7
projects/index.html,16,html,6f3a796a,milanrona,2025-04-18,11:55:51,-07:00,2025-04-18T11:55:51-07:00,0,49
projects/index.html,17,html,d7b057f6,milanrona,2025-04-25,23:10:19,-07:00,2025-04-25T23:10:19-07:00,0,48
projects/index.html,18,html,047ee3bd,milanrona,2025-04-03,14:50:56,-07:00,2025-04-03T14:50:56-07:00,0,6
projects/index.html,19,html,047ee3bd,milanrona,2025-04-03,14:50:56,-07:00,2025-04-03T14:50:56-07:00,0,5
projects/index.html,20,html,047ee3bd,milanrona,2025-04-03,14:50:56,-07:00,2025-04-03T14:50:56-07:00,0,16
projects/index.html,21,html,7a5d564e,milanrona,2025-05-02,00:58:34,-07:00,2025-05-02T00:58:34-07:00,0,0
projects/index.html,22,html,7a5d564e,milanrona,2025-05-02,00:58:34,-07:00,2025-05-02T00:58:34-07:00,0,22
projects/index.html,23,html,7a5d564e,milanrona,2025-05-02,00:58:34,-07:00,2025-05-02T00:58:34-07:00,0,53
projects/index.html,24,html,7a5d564e,milanrona,2025-05-02,00:58:34,-07:00,2025-05-02T00:58:34-07:00,0,5
projects/index.html,25,html,7a5d564e,milanrona,2025-05-02,00:58:34,-07:00,2025-05-02T00:58:34-07:00,0,18
projects/index.html,26,html,7a5d564e,milanrona,2025-05-02,00:58:34,-07:00,2025-05-02T00:58:34-07:00,0,4
projects/index.html,27,html,7a5d564e,milanrona,2025-05-02,00:58:34,-07:00,2025-05-02T00:58:34-07:00,0,5
projects/index.html,28,html,7a5d564e,milanrona,2025-05-02,00:58:34,-07:00,2025-05-02T00:58:34-07:00,0,5
projects/index.html,29,html,7a5d564e,milanrona,2025-05-02,00:58:34,-07:00,2025-05-02T00:58:34-07:00,0,16
projects/index.html,30,html,7a5d564e,milanrona,2025-05-02,00:58:34,-07:00,2025-05-02T00:58:34-07:00,0,12
projects/index.html,31,html,7a5d564e,milanrona,2025-05-02,00:58:34,-07:00,2025-05-02T00:58:34-07:00,0,27
projects/index.html,32,html,7a5d564e,milanrona,2025-05-02,00:58:34,-07:00,2025-05-02T00:58:34-07:00,0,32
projects/index.html,33,html,7a5d564e,milanrona,2025-05-02,00:58:34,-07:00,2025-05-02T00:58:34-07:00,0,1
projects/index.html,34,html,7a5d564e,milanrona,2025-05-02,00:58:34,-07:00,2025-05-02T00:58:34-07:00,0,0
projects/index.html,35,html,d7b057f6,milanrona,2025-04-25,23:10:19,-07:00,2025-04-25T23:10:19-07:00,0,27
projects/index.html,36,html,047ee3bd,milanrona,2025-04-03,14:50:56,-07:00,2025-04-03T14:50:56-07:00,0,6
projects/index.html,37,html,047ee3bd,milanrona,2025-04-03,14:50:56,-07:00,2025-04-03T14:50:56-07:00,0,6
contact/index.html,1,html,047ee3bd,milanrona,2025-04-03,14:50:56,-07:00,2025-04-03T14:50:56-07:00,0,14
contact/index.html,2,html,047ee3bd,milanrona,2025-04-03,14:50:56,-07:00,2025-04-03T14:50:56-07:00,0,15
contact/index.html,3,html,047ee3bd,milanrona,2025-04-03,14:50:56,-07:00,2025-04-03T14:50:56-07:00,0,5
contact/index.html,4,html,047ee3bd,milanrona,2025-04-03,14:50:56,-07:00,2025-04-03T14:50:56-07:00,0,21
contact/index.html,5,html,047ee3bd,milanrona,2025-04-03,14:50:56,-07:00,2025-04-03T14:50:56-07:00,0,69
contact/index.html,6,html,626e77c9,milanrona,2025-04-11,14:12:32,-07:00,2025-04-11T14:12:32-07:00,0,42
contact/index.html,7,html,047ee3bd,milanrona,2025-04-03,14:50:56,-07:00,2025-04-03T14:50:56-07:00,0,21
contact/index.html,8,html,626e77c9,milanrona,2025-04-11,14:12:32,-07:00,2025-04-11T14:12:32-07:00,0,6
contact/index.html,9,html,626e77c9,milanrona,2025-04-11,14:12:32,-07:00,2025-04-11T14:12:32-07:00,0,6
contact/index.html,10,html,626e77c9,milanrona,2025-04-11,14:12:32,-07:00,2025-04-11T14:12:32-07:00,0,52
contact/index.html,11,html,626e77c9,milanrona,2025-04-11,14:12:32,-07:00,2025-04-11T14:12:32-07:00,0,0
contact/index.html,12,html,626e77c9,milanrona,2025-04-11,14:12:32,-07:00,2025-04-11T14:12:32-07:00,0,5
contact/index.html,13,html,626e77c9,milanrona,2025-04-11,14:12:32,-07:00,2025-04-11T14:12:32-07:00,0,33
contact/index.html,14,html,626e77c9,milanrona,2025-04-11,14:12:32,-07:00,2025-04-11T14:12:32-07:00,0,0
contact/index.html,15,html,626e77c9,milanrona,2025-04-11,14:12:32,-07:00,2025-04-11T14:12:32-07:00,0,7
contact/index.html,16,html,6f3a796a,milanrona,2025-04-18,11:55:51,-07:00,2025-04-18T11:55:51-07:00,0,49
contact/index.html,17,html,047ee3bd,milanrona,2025-04-03,14:50:56,-07:00,2025-04-03T14:50:56-07:00,0,6
contact/index.html,18,html,047ee3bd,milanrona,2025-04-03,14:50:56,-07:00,2025-04-03T14:50:56-07:00,0,5
contact/index.html,19,html,047ee3bd,milanrona,2025-04-03,14:50:56,-07:00,2025-04-03T14:50:56-07:00,0,15
contact/index.html,20,html,047ee3bd,milanrona,2025-04-03,14:50:56,-07:00,2025-04-03T14:50:56-07:00,0,80
contact/index.html,21,html,626e77c9,milanrona,2025-04-11,14:12:32,-07:00,2025-04-11T14:12:32-07:00,0,21
contact/index.html,22,html,626e77c9,milanrona,2025-04-11,14:12:32,-07:00,2025-04-11T14:12:32-07:00,0,37
contact/index.html,23,html,626e77c9,milanrona,2025-04-11,14:12:32,-07:00,2025-04-11T14:12:32-07:00,0,85
contact/index.html,24,html,626e77c9,milanrona,2025-04-11,14:12:32,-07:00,2025-04-11T14:12:32-07:00,0,5
contact/index.html,25,html,626e77c9,milanrona,2025-04-11,14:12:32,-07:00,2025-04-11T14:12:32-07:00,0,0
contact/index.html,26,html,626e77c9,milanrona,2025-04-11,14:12:32,-07:00,2025-04-11T14:12:32-07:00,0,21
contact/index.html,27,html,626e77c9,milanrona,2025-04-11,14:12:32,-07:00,2025-04-11T14:12:32-07:00,0,36
contact/index.html,28,html,626e77c9,milanrona,2025-04-11,14:12:32,-07:00,2025-04-11T14:12:32-07:00,0,43
contact/index.html,29,html,626e77c9,milanrona,2025-04-11,14:12:32,-07:00,2025-04-11T14:12:32-07:00,0,5
contact/index.html,30,html,626e77c9,milanrona,2025-04-11,14:12:32,-07:00,2025-04-11T14:12:32-07:00,0,0
contact/index.html,31,html,626e77c9,milanrona,2025-04-11,14:12:32,-07:00,2025-04-11T14:12:32-07:00,0,21
contact/index.html,32,html,626e77c9,milanrona,2025-04-11,14:12:32,-07:00,2025-04-11T14:12:32-07:00,0,36
contact/index.html,33,html,626e77c9,milanrona,2025-04-11,14:12:32,-07:00,2025-04-11T14:12:32-07:00,0,74
contact/index.html,34,html,626e77c9,milanrona,2025-04-11,14:12:32,-07:00,2025-04-11T14:12:32-07:00,0,5
contact/index.html,35,html,626e77c9,milanrona,2025-04-11,14:12:32,-07:00,2025-04-11T14:12:32-07:00,0,0
contact/index.html,36,html,626e77c9,milanrona,2025-04-11,14:12:32,-07:00,2025-04-11T14:12:32-07:00,0,34
contact/index.html,37,html,626e77c9,milanrona,2025-04-11,14:12:32,-07:00,2025-04-11T14:12:32-07:00,0,6
contact/index.html,38,html,626e77c9,milanrona,2025-04-11,14:12:32,-07:00,2025-04-11T14:12:32-07:00,0,0
contact/index.html,39,html,047ee3bd,milanrona,2025-04-03,14:50:56,-07:00,2025-04-03T14:50:56-07:00,0,6
contact/index.html,40,html,047ee3bd,milanrona,2025-04-03,14:50:56,-07:00,2025-04-03T14:50:56-07:00,0,6
